studentID,firstName,middleName,lastName,gender,homePhoneNumber,mobileNumber,emailAddress,note
1111110,Zahir,,Prince,M,,534138646,sodales.at.velit@dapibus.ca,
1111111,Frances,,Slater,F,,907 538 4686,rutrum.justo.Praesent@tortornibh.co.uk,
1111112,Lester,,Mayer,X,,665 451 0322,est.arcu.ac@metusIn.com,
1111113,Britanney,,English,M,,513 793 0200,a@Cumsociisnatoque.co.uk,
1111114,Norman,,Buchanan,F,,477 259 6716,ac.libero@maurissapiencursus.ca,
1111115,Leah,,Hurst,X,,024 437 8808,netus.et@nonsollicitudina.com,
1111116,Wylie,,Osborne,M,,563 320 1141,arcu.Sed.eu@Sedmalesuadaaugue.org,
1111117,Amal,,Tanner,F,,761 851 4461,id@sitametrisus.org,
1111118,Owen,,Lawson,X,,721 188 5083,mollis@ullamcorpervelit.co.uk,
1111119,Sarah,,Blankenship,M,,343 565 6738,varius.orci@Nunc.edu,
1111120,Yardley,,Stone,F,,017 270 9516,non.nisi@semNullainterdum.com,
1111121,Lavinia,,Rogers,X,,372 172 0707,turpis.In.condimentum@vestibulumneceuismod.net,
1111122,Ross,,Goodwin,M,,141 998 6831,urna.convallis@varius.org,
1111123,Hedy,,Hartman,F,,953 357 5698,purus.in@blanditat.ca,
1111124,Charlotte,,Delaney,X,,532 330 4942,ut.mi.Duis@orciadipiscingnon.net,
1111125,Althea,,Hester,M,,540 012 6616,amet.dapibus@placeratorci.co.uk,
1111126,Dahlia,,Webb,F,,176 282 2176,massa.Vestibulum@feugiatplacerat.com,
1111127,Rana,,Livingston,X,,152 294 2639,Phasellus@vulputateeu.net,
1111128,Karleigh,,Dudley,M,,458 282 9275,velit.eu@Nullaegetmetus.org,
1111129,Stacey,,Hale,F,,609 623 3518,semper@tellus.org,
1111130,Kitra,,Robles,X,,900 209 0042,pede.blandit@ornarelibero.net,
1111131,Shannon,,Mathews,M,,449 568 5292,arcu.Curabitur.ut@nunc.org,
1111132,Owen,,Pickett,F,,404 098 8013,Aliquam.auctor.velit@CurabiturdictumPhasellus.org,
1111133,Jackson,,Sampson,X,,028 901 6468,Mauris.molestie.pharetra@atlacusQuisque.ca,
1111134,Ella,,Wagner,M,,934 138 6173,urna.convallis.erat@ametante.ca,
1111135,Ray,,Garner,F,,184 123 2350,convallis.ligula@ultriciesligulaNullam.org,
1111136,Patrick,,Olsen,X,,093 220 4776,et@Sedcongue.ca,
1111137,Madison,,Ramirez,M,,498 439 3411,suscipit@mollisvitae.org,
1111138,Perry,,Schmidt,F,,251 892 7624,neque@orcitinciduntadipiscing.ca,
1111139,Cairo,,Wood,X,,606 309 4361,eu.ultrices@dictumauguemalesuada.com,
1111140,Wyoming,,Maddox,M,,226 495 4585,Proin.sed@hendrerit.net,
1111141,Cassady,,Sanders,F,,041 050 8853,nibh.vulputate@metussitamet.edu,
1111142,Ian,,Patton,X,,250 810 8919,sem@lorem.net,
1111143,Rylee,,Sherman,M,,793 851 0697,pellentesque.Sed@vitaeposuereat.edu,
1111144,Karen,,Moon,F,,492 237 1370,accumsan@AliquamnislNulla.co.uk,
1111145,Lucian,,Maxwell,X,,021 795 0885,cursus.in@Suspendisse.edu,
1111146,Grace,,Wynn,M,,062 027 2625,ut.eros.non@egetmetusIn.co.uk,
1111147,Xandra,,Melendez,F,,016 054 1133,erat.neque.non@neque.co.uk,
1111148,Arden,,Gill,X,,100 572 8375,purus.Nullam.scelerisque@enimdiamvel.edu,
1111149,Phoebe,,Mccarty,M,,341 466 2284,lorem.eu@lobortis.com,
1111150,Seth,,Burns,F,,177 758 5054,augue.ac.ipsum@ligula.edu,
1111151,Elliott,,Thompson,X,,590 986 1840,vestibulum.nec.euismod@in.co.uk,
1111152,Ayanna,,Roberson,M,,464 684 7121,quam@Utnecurna.edu,
1111153,Oscar,,Ramos,F,,229 749 8774,cursus.a@ametrisusDonec.co.uk,
1111154,Alexandra,,Fitzpatrick,X,,984 493 3456,egestas.a.scelerisque@nuncullamcorpereu.ca,
1111155,Savannah,,Baldwin,M,,807 706 4501,vulputate.risus.a@ac.org,
1111156,Rahim,,Garza,F,,000 922 2930,arcu.Curabitur.ut@Fuscealiquamenim.ca,
1111157,Price,,Humphrey,X,,031 410 9760,ultrices@Aliquamornare.co.uk,
1111158,Cooper,,Rose,M,,306 503 8375,arcu@pulvinar.org,
1111159,Lisandra,,Acosta,F,,628 550 1371,non.luctus.sit@aliquetmetusurna.com,
1111160,Moana,,Riddle,X,,872 524 3605,vitae.semper.egestas@aliquet.co.uk,
1111161,Callum,,Jones,M,,432 437 8218,Sed@Etiambibendumfermentum.edu,
1111162,Shad,,Cantrell,F,,629 244 3850,aliquam@Nunccommodo.com,
1111163,Wynne,,Shelton,X,,107 950 2230,Phasellus@egetvolutpat.co.uk,
1111164,Norman,,Whitfield,M,,965 858 4615,nascetur.ridiculus.mus@sed.com,
1111165,Chancellor,,Short,F,,637 234 4845,nisi@seddolorFusce.edu,
1111166,Marny,,Kemp,X,,844 755 2773,nec.ante.Maecenas@eu.ca,
1111167,Scarlett,,Madden,M,,836 596 2115,magnis@musProin.com,
1111168,Alfonso,,Sanders,F,,349 512 0545,Sed.nulla.ante@metusurna.co.uk,
1111169,Aurelia,,Garner,X,,307 309 5764,tincidunt.orci.quis@lectus.com,
1111170,Andrew,,Glass,M,,386 073 4370,sed.dui@Namporttitorscelerisque.edu,
1111171,Keane,,Oconnor,F,,843 753 4502,diam@anteVivamusnon.co.uk,
1111172,Allistair,,Berry,X,,758 662 7489,mauris.blandit.mattis@velitegestas.net,
1111173,Denton,,Beard,M,,147 097 6424,sed.sem@ornareFuscemollis.com,
1111174,Theodore,,Ashley,F,,209 295 5209,eleifend.vitae.erat@amet.ca,
1111175,Rylee,,Hays,X,,844 124 6036,mollis.vitae@blanditmattisCras.ca,
1111176,Vanna,,Summers,M,,967 366 2440,mollis@Aliquamauctor.edu,
1111177,Nola,,Nelson,F,,785 735 2315,magnis.dis.parturient@neceleifendnon.co.uk,
1111178,Orson,,Abbott,X,,351 782 5993,aliquet.metus@quis.com,
1111179,Forrest,,Hayden,M,,479 217 8423,nisl@maurisidsapien.net,
1111180,Deacon,,Tate,F,,770 074 2336,faucibus.leo.in@mollisnec.ca,
1111181,Anjolie,,Fields,X,,609 589 4583,purus.Maecenas@elementum.edu,
1111182,Deirdre,,Tyson,M,,902 847 2224,euismod@Donecelementum.org,
1111183,Cyrus,,Carson,F,,602 120 5561,ut.dolor@sem.co.uk,
1111184,Perry,,Day,X,,944 192 4085,et@inhendreritconsectetuer.co.uk,
1111185,Brennan,,Burke,M,,609 488 7502,sit.amet.consectetuer@tristiquesenectus.com,
1111186,Timothy,,Gamble,F,,192 738 3209,adipiscing@ipsum.com,
1111187,Rhona,,Saunders,X,,569 830 7354,ligula.Aliquam@Aliquamnec.ca,
1111188,Rinah,,Sanford,M,,665 082 8839,tristique.senectus@Quisque.edu,
1111189,Derek,,Lawson,F,,205 037 1114,Fusce.dolor.quam@sitamet.co.uk,
1111190,Erica,,Santana,X,,503 863 4850,ac.mattis.velit@ornarelectusante.edu,
1111191,Devin,,Powell,M,,467 493 7543,quam.Pellentesque.habitant@litoratorquent.ca,
1111192,Mark,,Bean,F,,520 069 9227,sit@convallisin.edu,
1111193,Uriel,,Guerra,X,,486 327 2579,aliquam@Etiamlaoreet.co.uk,
1111194,Fredericka,,Hyde,M,,804 327 9065,rhoncus.Donec@imperdietdictum.ca,
1111195,Germane,,Gregory,F,,727 604 3637,arcu.et.pede@ametluctus.ca,
1111196,Fuller,,Fitzgerald,X,,767 864 5761,sodales.purus@Sed.com,
1111197,Yoshio,,Hobbs,M,,999 092 5277,lacus@facilisismagna.org,
1111198,Reece,,Richards,F,,910 561 8769,amet.orci.Ut@anunc.edu,
1111199,Dean,,Beasley,X,,658 655 1748,enim.Sed@Donecconsectetuer.org,
1111200,Hilda,,Estes,M,,393 812 9091,Nullam.ut.nisi@Proineget.co.uk,
1111201,Kelly,,Moore,F,,831 232 1378,eleifend.Cras.sed@etultricesposuere.ca,
1111202,Kirsten,,Franklin,X,,423 395 4426,erat@euismodestarcu.net,
1111203,Sade,,Frazier,M,,331 463 6371,Duis.mi@scelerisqueduiSuspendisse.ca,
1111204,Cora,,Knight,F,,073 881 2576,vulputate.eu@uterat.co.uk,
1111205,Jerome,,Gomez,X,,260 110 4651,conubia.nostra@Sedeget.net,
1111206,Ivana,,Bonner,M,,418 501 8866,ut.aliquam@infaucibusorci.edu,
1111207,Brent,,Fitzgerald,F,,884 809 9835,diam@Vivamuseuismod.co.uk,
1111208,Carissa,,Walker,X,,534 041 5335,aliquet@aauctornon.com,
1111209,Rhonda,,Vinson,M,,221 034 5935,Duis.sit@dictum.edu,